recall_year,recall_month,car_model,car_num
2022년,12월,비엠더블유코리아(주),33969
2022년,11월,비엠더블유코리아(주),43
2022년,10월,비엠더블유코리아(주),1866
2022년,09월,비엠더블유코리아(주),139
2022년,08월,비엠더블유코리아(주),19063
2022년,07월,비엠더블유코리아(주),180
2022년,06월,비엠더블유코리아(주),14117
2022년,05월,비엠더블유코리아(주),328
2022년,04월,비엠더블유코리아(주),383
2022년,03월,비엠더블유코리아(주),6029
2022년,01월,비엠더블유코리아(주),73
2022년,총합,비엠더블유코리아(주),76190
2022년,10월,스텔란티스코리아 주식회사,40
2022년,09월,스텔란티스코리아 주식회사,1963
2022년,08월,스텔란티스코리아 주식회사,1693
2022년,07월,스텔란티스코리아 주식회사,4
2022년,06월,스텔란티스코리아 주식회사,7605
2022년,05월,스텔란티스코리아 주식회사,814
2022년,03월,스텔란티스코리아 주식회사,221
2022년,02월,스텔란티스코리아 주식회사,9052
2022년,총합,스텔란티스코리아 주식회사,21392
2022년,11월,포드세일즈서비스코리아(유),20649
2022년,10월,포드세일즈서비스코리아(유),378
2022년,09월,포드세일즈서비스코리아(유),3541
2022년,08월,포드세일즈서비스코리아(유),507
2022년,07월,포드세일즈서비스코리아(유),4201
2022년,06월,포드세일즈서비스코리아(유),1
2022년,05월,포드세일즈서비스코리아(유),244
2022년,04월,포드세일즈서비스코리아(유),19769
2022년,03월,포드세일즈서비스코리아(유),1201
2022년,총합,포드세일즈서비스코리아(유),50491
2022년,08월,지엠아시아퍼시픽지역본부 주식회사,710
2022년,07월,지엠아시아퍼시픽지역본부 주식회사,2
2022년,총합,지엠아시아퍼시픽지역본부 주식회사,712
2022년,12월,메르세데스벤츠코리아(주),31195
2022년,11월,메르세데스벤츠코리아(주),2496
2022년,10월,메르세데스벤츠코리아(주),11679
2022년,09월,메르세데스벤츠코리아(주),17609
2022년,08월,메르세데스벤츠코리아(주),438
2022년,07월,메르세데스벤츠코리아(주),1159
2022년,06월,메르세데스벤츠코리아(주),1178
2022년,05월,메르세데스벤츠코리아(주),17512
2022년,04월,메르세데스벤츠코리아(주),38670
2022년,03월,메르세데스벤츠코리아(주),38116
2022년,02월,메르세데스벤츠코리아(주),16528
2022년,01월,메르세데스벤츠코리아(주),27
2022년,총합,메르세데스벤츠코리아(주),176607
2022년,11월,(주)볼보자동차코리아,927
2022년,09월,(주)볼보자동차코리아,58165
2022년,06월,(주)볼보자동차코리아,46
2022년,총합,(주)볼보자동차코리아,59138
2022년,09월,폴스타오토모티브코리아 유한회사,2410
2022년,총합,폴스타오토모티브코리아 유한회사,2410
2022년,10월,한국토요타자동차(주),278
2022년,08월,한국토요타자동차(주),190
2022년,05월,한국토요타자동차(주),1789
2022년,총합,한국토요타자동차(주),2257
2022년,06월,볼보트럭코리아(주),1295
2022년,총합,볼보트럭코리아(주),1295
2022년,10월,스카니아코리아그룹(주),55
2022년,총합,스카니아코리아그룹(주),55
2022년,11월,만트럭버스코리아(주),1
2022년,06월,만트럭버스코리아(주),222
2022년,02월,만트럭버스코리아(주),391
2022년,01월,만트럭버스코리아(주),563
2022년,총합,만트럭버스코리아(주),1177
2022년,04월,혼다코리아(주),15323
2022년,02월,혼다코리아(주),4532
2022년,총합,혼다코리아(주),19855
2022년,12월,폭스바겐그룹코리아 주식회사,25002
2022년,11월,폭스바겐그룹코리아 주식회사,375
2022년,10월,폭스바겐그룹코리아 주식회사,1340
2022년,09월,폭스바겐그룹코리아 주식회사,2001
2022년,07월,폭스바겐그룹코리아 주식회사,1882
2022년,05월,폭스바겐그룹코리아 주식회사,1728
2022년,04월,폭스바겐그룹코리아 주식회사,1088
2022년,02월,폭스바겐그룹코리아 주식회사,19749
2022년,01월,폭스바겐그룹코리아 주식회사,2613
2022년,총합,폭스바겐그룹코리아 주식회사,55778
2022년,11월,포르쉐코리아 주식회사,2
2022년,10월,포르쉐코리아 주식회사,3915
2022년,08월,포르쉐코리아 주식회사,2480
2022년,05월,포르쉐코리아 주식회사,981
2022년,03월,포르쉐코리아 주식회사,658
2022년,02월,포르쉐코리아 주식회사,370
2022년,01월,포르쉐코리아 주식회사,3196
2022년,총합,포르쉐코리아 주식회사,11602
2022년,12월,다임러트럭코리아(주),21
2022년,10월,다임러트럭코리아(주),179
2022년,03월,다임러트럭코리아(주),23
2022년,총합,다임러트럭코리아(주),223
2022년,10월,(주)에프엠케이,1157
2022년,07월,(주)에프엠케이,1
2022년,06월,(주)에프엠케이,92
2022년,05월,(주)에프엠케이,10
2022년,03월,(주)에프엠케이,428
2022년,총합,(주)에프엠케이,1688
2022년,10월,(주)재규어랜드로버코리아,228
2022년,09월,(주)재규어랜드로버코리아,65
2022년,05월,(주)재규어랜드로버코리아,12134
2022년,04월,(주)재규어랜드로버코리아,159
2022년,총합,(주)재규어랜드로버코리아,12586
2022년,04월,기흥인터내셔널 유한회사,16
2022년,총합,기흥인터내셔널 유한회사,16
2022년,12월,테슬라코리아 유한회사,26101
2022년,11월,테슬라코리아 유한회사,45320
2022년,06월,테슬라코리아 유한회사,4056
2022년,05월,테슬라코리아 유한회사,1254
2022년,04월,테슬라코리아 유한회사,1305
2022년,03월,테슬라코리아 유한회사,5
2022년,02월,테슬라코리아 유한회사,33337
2022년,01월,테슬라코리아 유한회사,1541
2022년,총합,테슬라코리아 유한회사,112919
2022년,10월,주식회사 피라인모터스,82
2022년,06월,주식회사 피라인모터스,35
2022년,05월,주식회사 피라인모터스,169
2022년,총합,주식회사 피라인모터스,286
2022년,02월,범한자동차 주식회사,69
2022년,총합,범한자동차 주식회사,69
2022년,01월,주식회사 마이브,5
2022년,총합,주식회사 마이브,5
2022년,12월,비엠더블유코리아(주)(이륜),385
2022년,11월,비엠더블유코리아(주)(이륜),241
2022년,09월,비엠더블유코리아(주)(이륜),37
2022년,06월,비엠더블유코리아(주)(이륜),3
2022년,04월,비엠더블유코리아(주)(이륜),123
2022년,총합,비엠더블유코리아(주)(이륜),789
2022년,12월,(유)기흥모터스(이륜),3235
2022년,02월,(유)기흥모터스(이륜),529
2022년,총합,(유)기흥모터스(이륜),3764
2022년,11월,혼다코리아(주)(이륜),434
2022년,09월,혼다코리아(주)(이륜),639
2022년,07월,혼다코리아(주)(이륜),57
2022년,03월,혼다코리아(주)(이륜),141
2022년,01월,혼다코리아(주)(이륜),13
2022년,총합,혼다코리아(주)(이륜),1284
2022년,04월,(주) 한국모터트레이딩(이륜),97
2022년,03월,(주) 한국모터트레이딩(이륜),80
2022년,총합,(주) 한국모터트레이딩(이륜),177
2022년,05월,(주)바이크코리아(이륜),24
2022년,03월,(주)바이크코리아(이륜),54
2022년,총합,(주)바이크코리아(이륜),78
2022년,10월,모토스타코리아(주)(이륜),3648
2022년,총합,모토스타코리아(주)(이륜),3648
2022년,12월,화창상사(주)(이륜),12
2022년,11월,화창상사(주)(이륜),35
2022년,10월,화창상사(주)(이륜),196
2022년,02월,화창상사(주)(이륜),42
2022년,총합,화창상사(주)(이륜),285
2022년,12월,(주)스포츠모터사이클코리아(이륜),53
2022년,총합,(주)스포츠모터사이클코리아(이륜),53
2022년,03월,대전기계공업(주)(이륜),399
2022년,총합,대전기계공업(주)(이륜),399
2022년,11월,유한회사 모토로싸(이륜),25
2022년,총합,유한회사 모토로싸(이륜),25
2022년,11월,기아 주식회사,38230
2022년,10월,기아 주식회사,283553
2022년,09월,기아 주식회사,24990
2022년,08월,기아 주식회사,463
2022년,07월,기아 주식회사,42854
2022년,05월,기아 주식회사,22535
2022년,04월,기아 주식회사,165470
2022년,03월,기아 주식회사,636859
2022년,02월,기아 주식회사,250590
2022년,총합,기아 주식회사,1465544
2022년,08월,르노코리아(주),3279
2022년,07월,르노코리아(주),7408
2022년,06월,르노코리아(주),28892
2022년,03월,르노코리아(주),9189
2022년,02월,르노코리아(주),45476
2022년,총합,르노코리아(주),94244
2022년,12월,한국지엠주식회사,223
2022년,10월,한국지엠주식회사,86
2022년,08월,한국지엠주식회사,500
2022년,총합,한국지엠주식회사,809
2022년,12월,현대자동차(주),974
2022년,10월,현대자동차(주),233093
2022년,09월,현대자동차(주),262
2022년,08월,현대자동차(주),307800
2022년,07월,현대자동차(주),205980
2022년,06월,현대자동차(주),243
2022년,05월,현대자동차(주),39804
2022년,04월,현대자동차(주),87636
2022년,03월,현대자동차(주),190762
2022년,02월,현대자동차(주),487
2022년,01월,현대자동차(주),1925
2022년,총합,현대자동차(주),1068966
2022년,12월,한신특장,83
2022년,총합,한신특장,83
2022년,10월,(주)다산중공업,348
2022년,08월,(주)다산중공업,49
2022년,총합,(주)다산중공업,397
2023년,12월,비엠더블유코리아(주),1627
2023년,11월,비엠더블유코리아(주),5
2023년,10월,비엠더블유코리아(주),6586
2023년,09월,비엠더블유코리아(주),53
2023년,08월,비엠더블유코리아(주),321
2023년,07월,비엠더블유코리아(주),69572
2023년,06월,비엠더블유코리아(주),15
2023년,05월,비엠더블유코리아(주),10
2023년,04월,비엠더블유코리아(주),429
2023년,03월,비엠더블유코리아(주),2051
2023년,02월,비엠더블유코리아(주),2414
2023년,01월,비엠더블유코리아(주),29
2023년,총합,비엠더블유코리아(주),83112
2023년,10월,스텔란티스코리아 주식회사,2632
2023년,07월,스텔란티스코리아 주식회사,987
2023년,06월,스텔란티스코리아 주식회사,1479
2023년,05월,스텔란티스코리아 주식회사,1737
2023년,04월,스텔란티스코리아 주식회사,737
2023년,01월,스텔란티스코리아 주식회사,984
2023년,총합,스텔란티스코리아 주식회사,8556
2023년,12월,포드세일즈서비스코리아(유),2644
2023년,11월,포드세일즈서비스코리아(유),17294
2023년,10월,포드세일즈서비스코리아(유),5801
2023년,09월,포드세일즈서비스코리아(유),3828
2023년,08월,포드세일즈서비스코리아(유),2155
2023년,06월,포드세일즈서비스코리아(유),2802
2023년,05월,포드세일즈서비스코리아(유),1
2023년,04월,포드세일즈서비스코리아(유),1089
2023년,02월,포드세일즈서비스코리아(유),34409
2023년,총합,포드세일즈서비스코리아(유),70023
2023년,08월,지엠아시아퍼시픽지역본부 주식회사,21
2023년,03월,지엠아시아퍼시픽지역본부 주식회사,504
2023년,총합,지엠아시아퍼시픽지역본부 주식회사,525
2023년,12월,메르세데스벤츠코리아(주),6877
2023년,11월,메르세데스벤츠코리아(주),9868
2023년,10월,메르세데스벤츠코리아(주),749
2023년,09월,메르세데스벤츠코리아(주),17551
2023년,08월,메르세데스벤츠코리아(주),14023
2023년,07월,메르세데스벤츠코리아(주),2579
2023년,06월,메르세데스벤츠코리아(주),9178
2023년,05월,메르세데스벤츠코리아(주),20555
2023년,04월,메르세데스벤츠코리아(주),14313
2023년,03월,메르세데스벤츠코리아(주),246
2023년,02월,메르세데스벤츠코리아(주),17111
2023년,01월,메르세데스벤츠코리아(주),469
2023년,총합,메르세데스벤츠코리아(주),113519
2023년,12월,(주)볼보자동차코리아,29
2023년,02월,(주)볼보자동차코리아,2587
2023년,01월,(주)볼보자동차코리아,5
2023년,총합,(주)볼보자동차코리아,2621
2023년,11월,제이스모빌리티 주식회사,910
2023년,총합,제이스모빌리티 주식회사,910
2023년,08월,폴스타오토모티브코리아 유한회사,1
2023년,총합,폴스타오토모티브코리아 유한회사,1
2023년,12월,한국토요타자동차(주),36
2023년,08월,한국토요타자동차(주),108
2023년,02월,한국토요타자동차(주),2397
2023년,총합,한국토요타자동차(주),2541
2023년,08월,볼보트럭코리아(주),1
2023년,01월,볼보트럭코리아(주),95
2023년,총합,볼보트럭코리아(주),96
2023년,09월,스카니아코리아그룹(주),1287
2023년,07월,스카니아코리아그룹(주),1
2023년,총합,스카니아코리아그룹(주),1288
2023년,03월,만트럭버스코리아(주),98
2023년,02월,만트럭버스코리아(주),127
2023년,총합,만트럭버스코리아(주),225
2023년,12월,혼다코리아(주),730
2023년,07월,혼다코리아(주),5434
2023년,04월,혼다코리아(주),6638
2023년,총합,혼다코리아(주),12802
2023년,12월,폭스바겐그룹코리아 주식회사,4
2023년,11월,폭스바겐그룹코리아 주식회사,5674
2023년,10월,폭스바겐그룹코리아 주식회사,216
2023년,09월,폭스바겐그룹코리아 주식회사,1
2023년,08월,폭스바겐그룹코리아 주식회사,438
2023년,07월,폭스바겐그룹코리아 주식회사,317
2023년,06월,폭스바겐그룹코리아 주식회사,24348
2023년,05월,폭스바겐그룹코리아 주식회사,156
2023년,04월,폭스바겐그룹코리아 주식회사,13036
2023년,03월,폭스바겐그룹코리아 주식회사,14
2023년,02월,폭스바겐그룹코리아 주식회사,110260
2023년,01월,폭스바겐그룹코리아 주식회사,18327
2023년,총합,폭스바겐그룹코리아 주식회사,172791
2023년,08월,한국닛산(주),770
2023년,06월,한국닛산(주),251
2023년,04월,한국닛산(주),770
2023년,총합,한국닛산(주),1791
2023년,12월,포르쉐코리아 주식회사,81
2023년,11월,포르쉐코리아 주식회사,970
2023년,09월,포르쉐코리아 주식회사,914
2023년,07월,포르쉐코리아 주식회사,2
2023년,06월,포르쉐코리아 주식회사,6495
2023년,05월,포르쉐코리아 주식회사,5194
2023년,04월,포르쉐코리아 주식회사,14759
2023년,03월,포르쉐코리아 주식회사,16
2023년,02월,포르쉐코리아 주식회사,2
2023년,총합,포르쉐코리아 주식회사,28433
2023년,01월,다임러트럭코리아(주),5
2023년,총합,다임러트럭코리아(주),5
2023년,11월,(주)에프엠케이,78
2023년,09월,(주)에프엠케이,14
2023년,07월,(주)에프엠케이,65
2023년,04월,(주)에프엠케이,1
2023년,총합,(주)에프엠케이,158
2023년,12월,(주)재규어랜드로버코리아,233
2023년,08월,(주)재규어랜드로버코리아,2384
2023년,07월,(주)재규어랜드로버코리아,21
2023년,06월,(주)재규어랜드로버코리아,2
2023년,04월,(주)재규어랜드로버코리아,22
2023년,03월,(주)재규어랜드로버코리아,164
2023년,총합,(주)재규어랜드로버코리아,2826
2023년,11월,기흥인터내셔널 유한회사,19
2023년,01월,기흥인터내셔널 유한회사,4
2023년,총합,기흥인터내셔널 유한회사,23
2023년,12월,테슬라코리아 유한회사,9914
2023년,11월,테슬라코리아 유한회사,1266
2023년,08월,테슬라코리아 유한회사,273
2023년,04월,테슬라코리아 유한회사,2539
2023년,총합,테슬라코리아 유한회사,13992
2023년,10월,주식회사 이비온,300
2023년,총합,주식회사 이비온,300
2023년,10월,비바모빌리티 주식회사,197
2023년,총합,비바모빌리티 주식회사,197
2023년,11월,비엠더블유코리아(주)(이륜),141
2023년,03월,비엠더블유코리아(주)(이륜),354
2023년,02월,비엠더블유코리아(주)(이륜),2324
2023년,총합,비엠더블유코리아(주)(이륜),2819
2023년,11월,(유)기흥모터스(이륜),57
2023년,10월,(유)기흥모터스(이륜),744
2023년,총합,(유)기흥모터스(이륜),801
2023년,05월,혼다코리아(주)(이륜),72
2023년,총합,혼다코리아(주)(이륜),72
2023년,03월,(주) 한국모터트레이딩(이륜),874
2023년,02월,(주) 한국모터트레이딩(이륜),182
2023년,총합,(주) 한국모터트레이딩(이륜),1056
2023년,03월,(주)스즈키씨엠씨(이륜),590
2023년,총합,(주)스즈키씨엠씨(이륜),590
2023년,12월,(주)바이크코리아(이륜),131
2023년,09월,(주)바이크코리아(이륜),654
2023년,04월,(주)바이크코리아(이륜),142
2023년,03월,(주)바이크코리아(이륜),65
2023년,총합,(주)바이크코리아(이륜),992
2023년,09월,한솜바이크(주)(이륜),1062
2023년,총합,한솜바이크(주)(이륜),1062
2023년,01월,화창상사(주)(이륜),223
2023년,총합,화창상사(주)(이륜),223
2023년,01월,대전기계공업(주)(이륜),219
2023년,총합,대전기계공업(주)(이륜),219
2023년,10월,유한회사 모토로싸(이륜),36
2023년,07월,유한회사 모토로싸(이륜),209
2023년,06월,유한회사 모토로싸(이륜),3
2023년,총합,유한회사 모토로싸(이륜),248
2023년,08월,주식회사 오토스원(이륜),811
2023년,총합,주식회사 오토스원(이륜),811
2023년,08월,주식회사 더좋은사람(이륜),244
2023년,총합,주식회사 더좋은사람(이륜),244
2023년,12월,기아 주식회사,17050
2023년,11월,기아 주식회사,26427
2023년,10월,기아 주식회사,4768
2023년,09월,기아 주식회사,4919
2023년,08월,기아 주식회사,121642
2023년,06월,기아 주식회사,85912
2023년,05월,기아 주식회사,190841
2023년,01월,기아 주식회사,4049
2023년,총합,기아 주식회사,455608
2023년,07월,르노코리아(주),8193
2023년,06월,르노코리아(주),0
2023년,04월,르노코리아(주),3156
2023년,총합,르노코리아(주),11349
2023년,12월,케이지모빌리티 주식회사(KG Mobility Corp.),58103
2023년,총합,케이지모빌리티 주식회사(KG Mobility Corp.),58103
2023년,11월,한국지엠주식회사,9627
2023년,08월,한국지엠주식회사,271
2023년,06월,한국지엠주식회사,2300
2023년,05월,한국지엠주식회사,1467
2023년,04월,한국지엠주식회사,11454
2023년,01월,한국지엠주식회사,1443
2023년,총합,한국지엠주식회사,26562
2023년,12월,현대자동차(주),396
2023년,11월,현대자동차(주),16967
2023년,09월,현대자동차(주),41406
2023년,08월,현대자동차(주),170378
2023년,07월,현대자동차(주),1025
2023년,06월,현대자동차(주),276094
2023년,05월,현대자동차(주),30480
2023년,04월,현대자동차(주),25
2023년,03월,현대자동차(주),17057
2023년,02월,현대자동차(주),51471
2023년,01월,현대자동차(주),5998
2023년,총합,현대자동차(주),611297
2023년,01월,(주)에이치알이앤아이,587
2023년,총합,(주)에이치알이앤아이,587
2023년,05월,(주)루트17,443
2023년,03월,(주)루트17,443
2023년,총합,(주)루트17,886
2023년,09월,마스타전기차(주),612
2023년,총합,마스타전기차(주),612
2023년,07월,(주)바이크원(이륜),713
2023년,총합,(주)바이크원(이륜),713
2023년,08월,주식회사 젠트로피,281
2023년,총합,주식회사 젠트로피,281
2024년,12월,비엠더블유코리아(주),69614
2024년,11월,비엠더블유코리아(주),28128
2024년,10월,비엠더블유코리아(주),2814
2024년,09월,비엠더블유코리아(주),26276
2024년,08월,비엠더블유코리아(주),207389
2024년,06월,비엠더블유코리아(주),352
2024년,05월,비엠더블유코리아(주),54
2024년,03월,비엠더블유코리아(주),13895
2024년,02월,비엠더블유코리아(주),9632
2024년,01월,비엠더블유코리아(주),40
2024년,총합,비엠더블유코리아(주),358194
2024년,12월,스텔란티스코리아 주식회사,582
2024년,09월,스텔란티스코리아 주식회사,1859
2024년,07월,스텔란티스코리아 주식회사,13
2024년,05월,스텔란티스코리아 주식회사,7231
2024년,04월,스텔란티스코리아 주식회사,6269
2024년,03월,스텔란티스코리아 주식회사,1630
2024년,총합,스텔란티스코리아 주식회사,17584
2024년,12월,포드세일즈서비스코리아(유),10
2024년,11월,포드세일즈서비스코리아(유),32425
2024년,10월,포드세일즈서비스코리아(유),1399
2024년,09월,포드세일즈서비스코리아(유),5911
2024년,08월,포드세일즈서비스코리아(유),1603
2024년,04월,포드세일즈서비스코리아(유),26
2024년,03월,포드세일즈서비스코리아(유),469
2024년,02월,포드세일즈서비스코리아(유),351
2024년,01월,포드세일즈서비스코리아(유),2156
2024년,총합,포드세일즈서비스코리아(유),44350
2024년,12월,지엠아시아퍼시픽지역본부 주식회사,1632
2024년,10월,지엠아시아퍼시픽지역본부 주식회사,705
2024년,08월,지엠아시아퍼시픽지역본부 주식회사,301
2024년,07월,지엠아시아퍼시픽지역본부 주식회사,16
2024년,총합,지엠아시아퍼시픽지역본부 주식회사,2654
2024년,12월,메르세데스벤츠코리아(주),7201
2024년,11월,메르세데스벤츠코리아(주),67
2024년,10월,메르세데스벤츠코리아(주),13055
2024년,09월,메르세데스벤츠코리아(주),225
2024년,08월,메르세데스벤츠코리아(주),3073
2024년,07월,메르세데스벤츠코리아(주),728
2024년,06월,메르세데스벤츠코리아(주),1265
2024년,05월,메르세데스벤츠코리아(주),26949
2024년,04월,메르세데스벤츠코리아(주),11366
2024년,03월,메르세데스벤츠코리아(주),35621
2024년,02월,메르세데스벤츠코리아(주),16357
2024년,01월,메르세데스벤츠코리아(주),26
2024년,총합,메르세데스벤츠코리아(주),115933
2024년,11월,(주)볼보자동차코리아,39
2024년,02월,(주)볼보자동차코리아,1052
2024년,01월,(주)볼보자동차코리아,1089
2024년,총합,(주)볼보자동차코리아,2180
2024년,01월,제이스모빌리티 주식회사,1602
2024년,총합,제이스모빌리티 주식회사,1602
2024년,04월,(주)에스에스라이트,27
2024년,총합,(주)에스에스라이트,27
2024년,11월,주식회사 모빌리티네트웍스,3106
2024년,03월,주식회사 모빌리티네트웍스,3100
2024년,02월,주식회사 모빌리티네트웍스,1550
2024년,총합,주식회사 모빌리티네트웍스,7756
2024년,09월,한국토요타자동차(주),1
2024년,07월,한국토요타자동차(주),9125
2024년,06월,한국토요타자동차(주),622
2024년,05월,한국토요타자동차(주),436
2024년,03월,한국토요타자동차(주),587
2024년,총합,한국토요타자동차(주),10771
2024년,12월,볼보트럭코리아(주),4
2024년,11월,볼보트럭코리아(주),1
2024년,10월,볼보트럭코리아(주),237
2024년,09월,볼보트럭코리아(주),6998
2024년,08월,볼보트럭코리아(주),66
2024년,07월,볼보트럭코리아(주),2254
2024년,03월,볼보트럭코리아(주),3
2024년,총합,볼보트럭코리아(주),9563
2024년,09월,스카니아코리아그룹(주),1274
2024년,총합,스카니아코리아그룹(주),1274
2024년,11월,만트럭버스코리아(주),6
2024년,10월,만트럭버스코리아(주),1435
2024년,08월,만트럭버스코리아(주),1939
2024년,06월,만트럭버스코리아(주),44
2024년,04월,만트럭버스코리아(주),308
2024년,03월,만트럭버스코리아(주),2423
2024년,02월,만트럭버스코리아(주),1975
2024년,총합,만트럭버스코리아(주),8130
2024년,06월,브리타니아오토 주식회사,183
2024년,총합,브리타니아오토 주식회사,183
2024년,12월,혼다코리아(주),14656
2024년,11월,혼다코리아(주),2816
2024년,04월,혼다코리아(주),1692
2024년,02월,혼다코리아(주),2080
2024년,01월,혼다코리아(주),49
2024년,총합,혼다코리아(주),21293
2024년,12월,폭스바겐그룹코리아 주식회사,246
2024년,11월,폭스바겐그룹코리아 주식회사,501
2024년,10월,폭스바겐그룹코리아 주식회사,5741
2024년,07월,폭스바겐그룹코리아 주식회사,8364
2024년,06월,폭스바겐그룹코리아 주식회사,5732
2024년,05월,폭스바겐그룹코리아 주식회사,1149
2024년,04월,폭스바겐그룹코리아 주식회사,1
2024년,02월,폭스바겐그룹코리아 주식회사,833
2024년,01월,폭스바겐그룹코리아 주식회사,147
2024년,총합,폭스바겐그룹코리아 주식회사,22714
2024년,09월,한국닛산(주),770
2024년,07월,한국닛산(주),8802
2024년,01월,한국닛산(주),1101
2024년,총합,한국닛산(주),10673
2024년,12월,포르쉐코리아 주식회사,270
2024년,10월,포르쉐코리아 주식회사,20
2024년,08월,포르쉐코리아 주식회사,1
2024년,07월,포르쉐코리아 주식회사,11302
2024년,06월,포르쉐코리아 주식회사,4360
2024년,04월,포르쉐코리아 주식회사,304
2024년,총합,포르쉐코리아 주식회사,16257
2024년,10월,다임러트럭코리아(주),147
2024년,총합,다임러트럭코리아(주),147
2024년,05월,(주)에프엠케이,3
2024년,총합,(주)에프엠케이,3
2024년,10월,(주)재규어랜드로버코리아,1
2024년,07월,(주)재규어랜드로버코리아,372
2024년,06월,(주)재규어랜드로버코리아,57
2024년,05월,(주)재규어랜드로버코리아,329
2024년,03월,(주)재규어랜드로버코리아,1542
2024년,01월,(주)재규어랜드로버코리아,140
2024년,총합,(주)재규어랜드로버코리아,2441
2024년,01월,기흥인터내셔널 유한회사,21
2024년,총합,기흥인터내셔널 유한회사,21
2024년,11월,주식회사 제이에스얼라이언스,106
2024년,총합,주식회사 제이에스얼라이언스,106
2024년,08월,테슬라코리아 유한회사,66489
2024년,07월,테슬라코리아 유한회사,22072
2024년,06월,테슬라코리아 유한회사,2819
2024년,03월,테슬라코리아 유한회사,136
2024년,02월,테슬라코리아 유한회사,52637
2024년,01월,테슬라코리아 유한회사,65983
2024년,총합,테슬라코리아 유한회사,210136
2024년,12월,(주)GS글로벌,975
2024년,10월,(주)GS글로벌,605
2024년,02월,(주)GS글로벌,1436
2024년,총합,(주)GS글로벌,3016
2024년,03월,주식회사 피라인모터스,1
2024년,총합,주식회사 피라인모터스,1
2024년,10월,주식회사 이비온,70
2024년,08월,주식회사 이비온,359
2024년,05월,주식회사 이비온,70
2024년,04월,주식회사 이비온,2
2024년,총합,주식회사 이비온,501
2024년,05월,범한자동차 주식회사,102
2024년,02월,범한자동차 주식회사,180
2024년,총합,범한자동차 주식회사,282
2024년,10월,비엠더블유코리아(주)(이륜),270
2024년,04월,비엠더블유코리아(주)(이륜),176
2024년,총합,비엠더블유코리아(주)(이륜),446
2024년,12월,(유)기흥모터스(이륜),60
2024년,10월,(유)기흥모터스(이륜),259
2024년,03월,(유)기흥모터스(이륜),37
2024년,총합,(유)기흥모터스(이륜),356
2024년,12월,혼다코리아(주)(이륜),97
2024년,06월,혼다코리아(주)(이륜),2096
2024년,총합,혼다코리아(주)(이륜),2193
2024년,12월,(주) 한국모터트레이딩(이륜),137
2024년,08월,(주) 한국모터트레이딩(이륜),874
2024년,총합,(주) 한국모터트레이딩(이륜),1011
2024년,11월,(주)스즈키씨엠씨(이륜),1526
2024년,10월,(주)스즈키씨엠씨(이륜),114
2024년,08월,(주)스즈키씨엠씨(이륜),40
2024년,02월,(주)스즈키씨엠씨(이륜),44
2024년,총합,(주)스즈키씨엠씨(이륜),1724
2024년,11월,(주)바이크코리아(이륜),809
2024년,04월,(주)바이크코리아(이륜),97
2024년,총합,(주)바이크코리아(이륜),906
2024년,09월,케이알모터스 주식회사(이륜),6868
2024년,총합,케이알모터스 주식회사(이륜),6868
2024년,07월,한솜바이크(주)(이륜),1199
2024년,05월,한솜바이크(주)(이륜),87
2024년,총합,한솜바이크(주)(이륜),1286
2024년,01월,화창상사(주)(이륜),7
2024년,총합,화창상사(주)(이륜),7
2024년,06월,대전기계공업(주)(이륜),20
2024년,총합,대전기계공업(주)(이륜),20
2024년,02월,유한회사 모토로싸(이륜),157
2024년,총합,유한회사 모토로싸(이륜),157
2024년,09월,기흥인터내셔널 유한회사(이륜),550
2024년,총합,기흥인터내셔널 유한회사(이륜),550
2024년,02월,블루샤크코리아 주식회사(이륜),1167
2024년,총합,블루샤크코리아 주식회사(이륜),1167
2024년,01월,주식회사 더좋은사람(이륜),1798
2024년,총합,주식회사 더좋은사람(이륜),1798
2024년,12월,기아 주식회사,296184
2024년,11월,기아 주식회사,23318
2024년,10월,기아 주식회사,293919
2024년,09월,기아 주식회사,92702
2024년,08월,기아 주식회사,52171
2024년,07월,기아 주식회사,509876
2024년,06월,기아 주식회사,102458
2024년,05월,기아 주식회사,129718
2024년,04월,기아 주식회사,21778
2024년,03월,기아 주식회사,74976
2024년,02월,기아 주식회사,458
2024년,01월,기아 주식회사,20167
2024년,총합,기아 주식회사,1617725
2024년,11월,타타대우상용차(주),294
2024년,총합,타타대우상용차(주),294
2024년,05월,르노코리아(주),37808
2024년,01월,르노코리아(주),83574
2024년,총합,르노코리아(주),121382
2024년,03월,케이지모빌리티 주식회사(KG Mobility Corp.),4805
2024년,총합,케이지모빌리티 주식회사(KG Mobility Corp.),4805
2024년,12월,한국지엠주식회사,41863
2024년,11월,한국지엠주식회사,2
2024년,10월,한국지엠주식회사,135
2024년,07월,한국지엠주식회사,2
2024년,06월,한국지엠주식회사,159
2024년,03월,한국지엠주식회사,10
2024년,총합,한국지엠주식회사,42171
2024년,12월,현대자동차(주),188970
2024년,10월,현대자동차(주),488418
2024년,09월,현대자동차(주),824534
2024년,08월,현대자동차(주),44012
2024년,07월,현대자동차(주),187300
2024년,06월,현대자동차(주),292194
2024년,05월,현대자동차(주),151987
2024년,04월,현대자동차(주),46240
2024년,03월,현대자동차(주),211307
2024년,02월,현대자동차(주),19551
2024년,01월,현대자동차(주),2463
2024년,총합,현대자동차(주),2456976
2024년,09월,아이씨피(주),5
2024년,총합,아이씨피(주),5
2024년,03월,(주)노바스코리아,16
2024년,총합,(주)노바스코리아,16
2024년,08월,케이지모빌리티커머셜 주식회사,52
2024년,총합,케이지모빌리티커머셜 주식회사,52
2024년,08월,(주)바이크원(이륜),22
2024년,총합,(주)바이크원(이륜),22
2024년,01월,주식회사 이누리,873
2024년,총합,주식회사 이누리,873
